id;email;name;description;phone_number;schedule;picture;picture_content_type;web_site;facebook_page;instagram_page;activated
1;Emmet.Dietrich78@yahoo.com;application;Home Loan Account;45505;Dynamic payment payment;../fake-data/blob/hipster.png;image/png;AI Fully-configurable;strategy relationships;Oregon strategy generate;false
2;Kay_Armstrong55@hotmail.com;purple Awesome card;black Yemeni Rial;99074;Argentine Peso Borders Licensed Fresh Salad;../fake-data/blob/hipster.png;image/png;Product;Track array collaboration;Street Savings Account;true
3;Rickey_Quigley@yahoo.com;Gorgeous synergy GB;portals neural;69345;reintermediate Upgradable Dong;../fake-data/blob/hipster.png;image/png;RSS monetize Solutions;interface;SMS Kids New Mexico;false
4;Mariane_Heaney8@hotmail.com;Soft Gorgeous Metal Computer Ports;Buckinghamshire transitional Principal;63456;killer open-source Tasty;../fake-data/blob/hipster.png;image/png;multi-byte Intelligent Steel Bacon;Chair Supervisor;Granite;true
5;Marquis.Ullrich@gmail.com;indexing protocol;Rest JSON Metal;43764;plug-and-play;../fake-data/blob/hipster.png;image/png;infrastructures;Awesome Granite Gloves;Granite time-frame;true
6;Camden.Zboncak@yahoo.com;withdrawal extend Creative;Sri Lanka Cape Assurance;59023;Ethiopia Graphic Interface Director;../fake-data/blob/hipster.png;image/png;Movies Home Loan Account;local orange;District parsing Illinois;false
7;Bridget15@hotmail.com;Solutions workforce Executive;sticky;89804;Berkshire Manager;../fake-data/blob/hipster.png;image/png;back-end Cambridgeshire;impactful Rubber National;compress frame;true
8;Daren.Ankunding@gmail.com;Handmade e-tailers redundant;Ergonomic Investor;14648;HDD;../fake-data/blob/hipster.png;image/png;Lead;European Unit of Account 17(E.U.A.-17);Credit Card Account B2C;false
9;Marshall.Kessler40@yahoo.com;proactive;protocol Intranet cohesive;67406;Tenge;../fake-data/blob/hipster.png;image/png;Mexican Peso Mexican Unidad de Inversion (UDI) Hat;Frozen;withdrawal;true
10;Rubie_Cassin21@yahoo.com;generating Alaska;metrics application invoice;80313;SDD;../fake-data/blob/hipster.png;image/png;navigating;virtual connecting;Hat synthesize;true
